id,email,role_hint,full_name_hint
11111111-1111-4111-8111-111111111111,admin@carepulse.health,admin,Avery Stone
22222222-2222-4222-8222-222222222222,dr.shah@carepulse.health,provider,Dr. Nisha Shah
33333333-3333-4333-8333-333333333333,dr.miller@carepulse.health,provider,Dr. Owen Miller
44444444-4444-4444-8444-444444444444,sarah.jenkins@example.com,patient,Sarah Jenkins
55555555-5555-4555-8555-555555555555,marcus.chen@example.com,patient,Marcus Chen
66666666-6666-4666-8666-666666666666,emily.rodriguez@example.com,patient,Emily Rodriguez
77777777-7777-4777-8777-777777777777,david.smith@example.com,patient,David Smith
88888888-8888-4888-8888-888888888888,linda.walker@example.com,patient,Linda Walker
99999999-9999-4999-8999-999999999999,kevin.brooks@example.com,patient,Kevin Brooks
