id,role,full_name,created_at
11111111-1111-4111-8111-111111111111,admin,Avery Stone,2026-03-01T09:00:00Z
22222222-2222-4222-8222-222222222222,provider,Dr. Nisha Shah,2026-03-01T09:05:00Z
33333333-3333-4333-8333-333333333333,provider,Dr. Owen Miller,2026-03-01T09:10:00Z
44444444-4444-4444-8444-444444444444,patient,Sarah Jenkins,2026-03-02T08:00:00Z
55555555-5555-4555-8555-555555555555,patient,Marcus Chen,2026-03-02T08:05:00Z
66666666-6666-4666-8666-666666666666,patient,Emily Rodriguez,2026-03-02T08:10:00Z
77777777-7777-4777-8777-777777777777,patient,David Smith,2026-03-02T08:15:00Z
88888888-8888-4888-8888-888888888888,patient,Linda Walker,2026-03-02T08:20:00Z
99999999-9999-4999-8999-999999999999,patient,Kevin Brooks,2026-03-02T08:25:00Z
